{"cameraMode":{"drawMode":0,"name":"Shaded","section":"Shading Mode"},"sceneLighting":false,"audioPlay":false,"sceneViewState":{"m_AlwaysRefresh":false,"showFog":true,"showSkybox":false,"showFlares":true,"showImageEffects":true,"showParticleSystems":true,"showVisualEffectGraphs":true,"m_FxEnabled":true},"in2DMode":false,"pivot":{"x":20.307823181152345,"y":1.6362437009811402,"z":44.0196533203125},"rotation":{"x":-0.0003089274396188557,"y":-0.009903333149850369,"z":1.647416496552978e-7,"w":-0.9999626874923706},"size":4.796019554138184,"orthographic":false}