{"cameraMode":{"drawMode":0,"name":"Shaded","section":"Shading Mode"},"sceneLighting":true,"audioPlay":false,"sceneViewState":{"m_AlwaysRefresh":false,"showFog":true,"showSkybox":true,"showFlares":true,"showImageEffects":true,"showParticleSystems":true,"showVisualEffectGraphs":true,"m_FxEnabled":true},"in2DMode":false,"pivot":{"x":186.2392120361328,"y":147.25762939453126,"z":-21.088150024414064},"rotation":{"x":0.14233125746250153,"y":0.1087428629398346,"z":0.015735501423478128,"w":-0.9837127327919006},"size":129.64390563964845,"orthographic":false}